"session_id","run_date","language","mode","notes"
"session_20260413_125516_5e44a018","2026-04-13","java","both","kept newest analyzer version 1.0.0-static"
"session_20260413_125517_2cd03b78","2026-04-13","java","both","kept newest analyzer version 1.0.0-static"
"session_20260413_125517_561b9ab9","2026-04-13","java","both","kept newest analyzer version 1.0.0-static"
"session_20260413_125517_d2475a15","2026-04-13","java","both","kept newest analyzer version 1.0.0-static"
"session_20260413_125518_234ee24f","2026-04-13","java","both","kept newest analyzer version 1.0.0-static"
"session_20260413_125518_82245f8c","2026-04-13","java","both","kept newest analyzer version 1.0.0-static"
"session_20260413_125518_ab662be8","2026-04-13","java","both","kept newest analyzer version 1.0.0-static"
"session_20260413_125519_6d3e2ebd","2026-04-13","java","both","kept newest analyzer version 1.0.0-static"
"session_20260413_125519_bd717ba2","2026-04-13","java","both","kept newest analyzer version 1.0.0-static"
"session_20260413_125519_dfa62ce4","2026-04-13","java","both","kept newest analyzer version 1.0.0-static"
"session_20260413_125520_37dc0e04","2026-04-13","java","both","kept newest analyzer version 1.0.0-static"
"session_20260413_125520_7ed67ced","2026-04-13","java","both","kept newest analyzer version 1.0.0-static"
"session_20260413_125520_b47edab7","2026-04-13","java","both","kept newest analyzer version 1.0.0-static"
"session_20260413_125521_5cb89697","2026-04-13","java","both","kept newest analyzer version 1.0.0-static"
"session_20260413_125521_882b78b4","2026-04-13","java","both","kept newest analyzer version 1.0.0-static"
"session_20260413_125521_8ae097fb","2026-04-13","java","both","kept newest analyzer version 1.0.0-static"
"session_20260413_125522_285565cf","2026-04-13","java","both","kept newest analyzer version 1.0.0-static"
"session_20260413_125522_3debc876","2026-04-13","java","both","kept newest analyzer version 1.0.0-static"
"session_20260413_125522_6c9fdab6","2026-04-13","java","both","kept newest analyzer version 1.0.0-static"
"session_20260413_125523_356572b7","2026-04-13","java","both","kept newest analyzer version 1.0.0-static"
"session_20260413_125523_8a78b2f3","2026-04-13","java","both","kept newest analyzer version 1.0.0-static"
"session_20260413_125523_c2c8d7fe","2026-04-13","java","both","kept newest analyzer version 1.0.0-static"
"session_20260413_125524_24f87d51","2026-04-13","java","both","kept newest analyzer version 1.0.0-static"
"session_20260413_125524_67561c42","2026-04-13","java","both","kept newest analyzer version 1.0.0-static"
"session_20260413_125525_2d47b2c1","2026-04-13","java","both","kept newest analyzer version 1.0.0-static"
"session_20260413_125525_d77fa894","2026-04-13","java","both","kept newest analyzer version 1.0.0-static"
"session_20260413_125525_e8bc8153","2026-04-13","java","both","kept newest analyzer version 1.0.0-static"
"session_20260413_125526_2e49c7ce","2026-04-13","java","both","kept newest analyzer version 1.0.0-static"
"session_20260413_125526_694af758","2026-04-13","java","both","kept newest analyzer version 1.0.0-static"
"session_20260413_125526_f96f262c","2026-04-13","java","both","kept newest analyzer version 1.0.0-static"
"session_20260413_125527_1397191b","2026-04-13","java","both","kept newest analyzer version 1.0.0-static"
"session_20260413_125527_b7467c06","2026-04-13","java","both","kept newest analyzer version 1.0.0-static"
"session_20260413_125527_cfb6eec5","2026-04-13","java","both","kept newest analyzer version 1.0.0-static"
"session_20260413_125528_86042ff2","2026-04-13","java","both","kept newest analyzer version 1.0.0-static"
"session_20260413_125528_8b12cdf7","2026-04-13","java","both","kept newest analyzer version 1.0.0-static"
"session_20260413_125528_fbb7515e","2026-04-13","java","both","kept newest analyzer version 1.0.0-static"
"session_20260413_125529_768c55fe","2026-04-13","java","both","kept newest analyzer version 1.0.0-static"
"session_20260413_125529_932514c0","2026-04-13","java","both","kept newest analyzer version 1.0.0-static"
"session_20260413_125529_ee28355a","2026-04-13","java","both","kept newest analyzer version 1.0.0-static"
"session_20260413_125530_6a1ddade","2026-04-13","java","both","kept newest analyzer version 1.0.0-static"
"session_20260413_125530_f93c9beb","2026-04-13","java","both","kept newest analyzer version 1.0.0-static"
"session_20260413_125531_377c36dd","2026-04-13","java","both","kept newest analyzer version 1.0.0-static"
"session_20260413_125531_6cb69f96","2026-04-13","java","both","kept newest analyzer version 1.0.0-static"
"session_20260413_125531_d79ba215","2026-04-13","java","both","kept newest analyzer version 1.0.0-static"
"session_20260413_125532_038ce3b0","2026-04-13","java","both","kept newest analyzer version 1.0.0-static"
"session_20260413_125532_721e752f","2026-04-13","java","both","kept newest analyzer version 1.0.0-static"
"session_20260413_125532_f0eda8a1","2026-04-13","java","both","kept newest analyzer version 1.0.0-static"
"session_20260413_125533_684f3b1a","2026-04-13","java","both","kept newest analyzer version 1.0.0-static"
"session_20260413_125533_c9be434c","2026-04-13","java","both","kept newest analyzer version 1.0.0-static"
"session_20260413_125533_f0e6716c","2026-04-13","java","both","kept newest analyzer version 1.0.0-static"
"session_20260413_125534_59b9dd63","2026-04-13","java","both","kept newest analyzer version 1.0.0-static"
"session_20260413_125534_be580e44","2026-04-13","java","both","kept newest analyzer version 1.0.0-static"
"session_20260413_125535_2b051303","2026-04-13","java","both","kept newest analyzer version 1.0.0-static"
"session_20260413_125535_9cb01d0e","2026-04-13","java","both","kept newest analyzer version 1.0.0-static"
"session_20260413_125535_d86003e4","2026-04-13","java","both","kept newest analyzer version 1.0.0-static"
"session_20260413_125535_f5f3a52e","2026-04-13","java","both","kept newest analyzer version 1.0.0-static"
"session_20260413_125536_6d4e6b25","2026-04-13","java","both","kept newest analyzer version 1.0.0-static"
"session_20260413_125536_d3a8ecef","2026-04-13","java","both","kept newest analyzer version 1.0.0-static"
"session_20260413_125536_fcb6e9ff","2026-04-13","java","both","kept newest analyzer version 1.0.0-static"
"session_20260413_125537_884e5283","2026-04-13","java","both","kept newest analyzer version 1.0.0-static"
"session_20260413_125537_d2c9a73b","2026-04-13","java","both","kept newest analyzer version 1.0.0-static"
"session_20260413_125537_f2f839e4","2026-04-13","java","both","kept newest analyzer version 1.0.0-static"
"session_20260413_125538_4241daa5","2026-04-13","java","both","kept newest analyzer version 1.0.0-static"
"session_20260413_125538_70af9d46","2026-04-13","java","both","kept newest analyzer version 1.0.0-static"
"session_20260413_125538_f0811b98","2026-04-13","java","both","kept newest analyzer version 1.0.0-static"
"session_20260413_125539_57d4af47","2026-04-13","java","both","kept newest analyzer version 1.0.0-static"
"session_20260413_125539_97befd34","2026-04-13","java","both","kept newest analyzer version 1.0.0-static"
"session_20260413_125539_ffdc4d8b","2026-04-13","java","both","kept newest analyzer version 1.0.0-static"
"session_20260413_125540_4424a8e4","2026-04-13","java","both","kept newest analyzer version 1.0.0-static"
"session_20260413_125540_50354557","2026-04-13","java","both","kept newest analyzer version 1.0.0-static"
"session_20260413_125540_816dbf78","2026-04-13","java","both","kept newest analyzer version 1.0.0-static"
"session_20260413_125541_b31b27b2","2026-04-13","java","both","kept newest analyzer version 1.0.0-static"
"session_20260413_125541_ef9b5642","2026-04-13","java","both","kept newest analyzer version 1.0.0-static"
"session_20260413_125542_a4ca25c5","2026-04-13","java","both","kept newest analyzer version 1.0.0-static"
"session_20260413_125542_a856c451","2026-04-13","java","both","kept newest analyzer version 1.0.0-static"
"session_20260413_125542_ee7bea51","2026-04-13","java","both","kept newest analyzer version 1.0.0-static"
"session_20260413_125543_303f0537","2026-04-13","java","both","kept newest analyzer version 1.0.0-static"
"session_20260413_125543_786d2152","2026-04-13","java","both","kept newest analyzer version 1.0.0-static"
"session_20260413_125543_b658fa5f","2026-04-13","java","both","kept newest analyzer version 1.0.0-static"
"session_20260413_125544_26baeae7","2026-04-13","java","both","kept newest analyzer version 1.0.0-static"
"session_20260413_125544_b5295c6c","2026-04-13","java","both","kept newest analyzer version 1.0.0-static"
"session_20260413_125544_c08a2fa2","2026-04-13","java","both","kept newest analyzer version 1.0.0-static"
"session_20260413_125545_21d813ba","2026-04-13","java","both","kept newest analyzer version 1.0.0-static"
"session_20260413_125545_26a7f96c","2026-04-13","java","both","kept newest analyzer version 1.0.0-static"
"session_20260413_125545_c48349bc","2026-04-13","java","both","kept newest analyzer version 1.0.0-static"
"session_20260413_125546_5ecb536a","2026-04-13","java","both","kept newest analyzer version 1.0.0-static"
"session_20260413_125546_a409d98c","2026-04-13","java","both","kept newest analyzer version 1.0.0-static"
"session_20260413_125546_c549284d","2026-04-13","java","both","kept newest analyzer version 1.0.0-static"
"session_20260413_125547_b3de5e1b","2026-04-13","java","both","kept newest analyzer version 1.0.0-static"
"session_20260413_125547_eca3cfae","2026-04-13","java","both","kept newest analyzer version 1.0.0-static"
"session_20260413_125548_9ea78a4e","2026-04-13","java","both","kept newest analyzer version 1.0.0-static"
"session_20260413_125548_e451f6db","2026-04-13","java","both","kept newest analyzer version 1.0.0-static"
"session_20260413_125548_ec6c7f99","2026-04-13","java","both","kept newest analyzer version 1.0.0-static"
"session_20260413_125549_0b3787c2","2026-04-13","java","both","kept newest analyzer version 1.0.0-static"
"session_20260413_125549_27ea67e6","2026-04-13","java","both","kept newest analyzer version 1.0.0-static"
"session_20260413_125549_6d727245","2026-04-13","java","both","kept newest analyzer version 1.0.0-static"
"session_20260413_125550_460ebbcb","2026-04-13","java","both","kept newest analyzer version 1.0.0-static"
"session_20260413_125550_50bff86e","2026-04-13","java","both","kept newest analyzer version 1.0.0-static"
"session_20260413_125550_a9733c65","2026-04-13","java","both","kept newest analyzer version 1.0.0-static"
"session_20260413_125551_4c6bbf55","2026-04-13","java","both","kept newest analyzer version 1.0.0-static"
"session_20260413_125551_de8696c1","2026-04-13","java","both","kept newest analyzer version 1.0.0-static"
"session_20260413_125551_f0c0e5d2","2026-04-13","java","both","kept newest analyzer version 1.0.0-static"
"session_20260413_125552_6fd4cbd2","2026-04-13","java","both","kept newest analyzer version 1.0.0-static"
"session_20260413_125552_8bc55655","2026-04-13","java","both","kept newest analyzer version 1.0.0-static"
"session_20260413_125552_c5313630","2026-04-13","java","both","kept newest analyzer version 1.0.0-static"
"session_20260413_125553_210488a1","2026-04-13","java","both","kept newest analyzer version 1.0.0-static"
"session_20260413_125553_910d232d","2026-04-13","java","both","kept newest analyzer version 1.0.0-static"
"session_20260413_125553_bb9ac2ce","2026-04-13","java","both","kept newest analyzer version 1.0.0-static"
"session_20260413_125554_622b91c2","2026-04-13","java","both","kept newest analyzer version 1.0.0-static"
"session_20260413_125554_86299362","2026-04-13","java","both","kept newest analyzer version 1.0.0-static"
"session_20260413_125554_df59bfe3","2026-04-13","java","both","kept newest analyzer version 1.0.0-static"
"session_20260413_125555_04d302ca","2026-04-13","java","both","kept newest analyzer version 1.0.0-static"
"session_20260413_125555_586b8753","2026-04-13","java","both","kept newest analyzer version 1.0.0-static"
"session_20260413_125555_e9f41e66","2026-04-13","java","both","kept newest analyzer version 1.0.0-static"
"session_20260413_125556_2568d4cb","2026-04-13","java","both","kept newest analyzer version 1.0.0-static"
"session_20260413_125556_87e542b5","2026-04-13","java","both","kept newest analyzer version 1.0.0-static"
"session_20260413_125556_8ffe7d58","2026-04-13","java","both","kept newest analyzer version 1.0.0-static"
"session_20260413_125557_8140b481","2026-04-13","java","both","kept newest analyzer version 1.0.0-static"
"session_20260413_125557_94871d0e","2026-04-13","java","both","kept newest analyzer version 1.0.0-static"
"session_20260413_125557_e03da3c8","2026-04-13","java","both","kept newest analyzer version 1.0.0-static"
"session_20260413_125558_6d4211f3","2026-04-13","java","both","kept newest analyzer version 1.0.0-static"
"session_20260413_125558_90ae74b1","2026-04-13","java","both","kept newest analyzer version 1.0.0-static"
"session_20260413_125558_fe500d24","2026-04-13","java","both","kept newest analyzer version 1.0.0-static"
"session_20260413_125559_4822cc15","2026-04-13","java","both","kept newest analyzer version 1.0.0-static"
"session_20260413_125559_7cbbea0b","2026-04-13","java","both","kept newest analyzer version 1.0.0-static"
"session_20260413_125559_a3886545","2026-04-13","java","both","kept newest analyzer version 1.0.0-static"
"session_20260413_125600_4320bb05","2026-04-13","java","both","kept newest analyzer version 1.0.0-static"
"session_20260413_125600_ad38369e","2026-04-13","java","both","kept newest analyzer version 1.0.0-static"
"session_20260413_125600_df79f57a","2026-04-13","java","both","kept newest analyzer version 1.0.0-static"
"session_20260413_125601_2182bfdc","2026-04-13","java","both","kept newest analyzer version 1.0.0-static"
"session_20260413_125601_3e1dfabe","2026-04-13","java","both","kept newest analyzer version 1.0.0-static"
"session_20260413_125602_103dc48f","2026-04-13","java","both","kept newest analyzer version 1.0.0-static"
"session_20260413_125602_ccf897dc","2026-04-13","java","both","kept newest analyzer version 1.0.0-static"
"session_20260413_125602_d90fe793","2026-04-13","java","both","kept newest analyzer version 1.0.0-static"
"session_20260413_125603_0d2cddfd","2026-04-13","java","both","kept newest analyzer version 1.0.0-static"
"session_20260413_125603_4b663a04","2026-04-13","java","both","kept newest analyzer version 1.0.0-static"
"session_20260413_125603_b8d23c7c","2026-04-13","java","both","kept newest analyzer version 1.0.0-static"
"session_20260413_125604_9fa9bc5e","2026-04-13","java","both","kept newest analyzer version 1.0.0-static"
"session_20260413_125604_c1a65b7f","2026-04-13","java","both","kept newest analyzer version 1.0.0-static"
"session_20260413_125604_e4045062","2026-04-13","java","both","kept newest analyzer version 1.0.0-static"
"session_20260413_125605_22e7d9b8","2026-04-13","java","both","kept newest analyzer version 1.0.0-static"
"session_20260413_125605_4ba3fc3c","2026-04-13","java","both","kept newest analyzer version 1.0.0-static"
"session_20260413_125605_c38d6a7c","2026-04-13","java","both","kept newest analyzer version 1.0.0-static"
"session_20260413_125606_afaf229b","2026-04-13","java","both","kept newest analyzer version 1.0.0-static"
"session_20260413_125606_f100ffba","2026-04-13","java","both","kept newest analyzer version 1.0.0-static"
"session_20260413_125607_7756ec53","2026-04-13","java","both","kept newest analyzer version 1.0.0-static"
"session_20260413_125607_891fe760","2026-04-13","java","both","kept newest analyzer version 1.0.0-static"
"session_20260413_125607_deffac81","2026-04-13","java","both","kept newest analyzer version 1.0.0-static"
"session_20260413_125608_3fd102cb","2026-04-13","java","both","kept newest analyzer version 1.0.0-static"
"session_20260413_125608_4493089e","2026-04-13","java","both","kept newest analyzer version 1.0.0-static"
"session_20260413_125608_c22f2e87","2026-04-13","java","both","kept newest analyzer version 1.0.0-static"
"session_20260413_125609_42390b5c","2026-04-13","java","both","kept newest analyzer version 1.0.0-static"
"session_20260413_125609_67fffeae","2026-04-13","java","both","kept newest analyzer version 1.0.0-static"
"session_20260413_125609_d91c9cff","2026-04-13","java","both","kept newest analyzer version 1.0.0-static"
"session_20260413_125610_3ba4e71e","2026-04-13","java","both","kept newest analyzer version 1.0.0-static"
"session_20260413_125610_5c55c21e","2026-04-13","java","both","kept newest analyzer version 1.0.0-static"
"session_20260413_125610_b1f97cf1","2026-04-13","java","both","kept newest analyzer version 1.0.0-static"
"session_20260413_125611_82714b53","2026-04-13","java","both","kept newest analyzer version 1.0.0-static"
"session_20260413_125611_b2517f3f","2026-04-13","java","both","kept newest analyzer version 1.0.0-static"
"session_20260413_125611_ded3b07a","2026-04-13","java","both","kept newest analyzer version 1.0.0-static"
"session_20260413_125612_802c878f","2026-04-13","java","both","kept newest analyzer version 1.0.0-static"
"session_20260413_125612_ef7b801f","2026-04-13","java","both","kept newest analyzer version 1.0.0-static"
"session_20260413_125613_068a0bde","2026-04-13","java","both","kept newest analyzer version 1.0.0-static"
"session_20260413_125614_127cc864","2026-04-13","java","both","kept newest analyzer version 1.0.0-static"
"session_20260413_125615_ad151632","2026-04-13","java","both","kept newest analyzer version 1.0.0-static"
"session_20260413_125615_b1a5789b","2026-04-13","java","both","kept newest analyzer version 1.0.0-static"
"session_20260413_125616_63531683","2026-04-13","java","both","kept newest analyzer version 1.0.0-static"
"session_20260413_125616_715d0800","2026-04-13","java","both","kept newest analyzer version 1.0.0-static"
"session_20260413_125616_995b3765","2026-04-13","java","both","kept newest analyzer version 1.0.0-static"
"session_20260413_125617_3381749e","2026-04-13","java","both","kept newest analyzer version 1.0.0-static"
"session_20260413_125617_d4bb9051","2026-04-13","java","both","kept newest analyzer version 1.0.0-static"
"session_20260413_125617_dce36d4e","2026-04-13","java","both","kept newest analyzer version 1.0.0-static"
"session_20260413_125618_79809a62","2026-04-13","java","both","kept newest analyzer version 1.0.0-static"
"session_20260413_125618_98e1830a","2026-04-13","java","both","kept newest analyzer version 1.0.0-static"
"session_20260413_125618_abfde40f","2026-04-13","java","both","kept newest analyzer version 1.0.0-static"
"session_20260413_125619_12e74fc1","2026-04-13","java","both","kept newest analyzer version 1.0.0-static"
"session_20260413_125619_6e2daa81","2026-04-13","java","both","kept newest analyzer version 1.0.0-static"
"session_20260413_125619_8be73a5b","2026-04-13","java","both","kept newest analyzer version 1.0.0-static"
"session_20260413_125620_01dda0ea","2026-04-13","java","both","kept newest analyzer version 1.0.0-static"
"session_20260413_125620_58e2d468","2026-04-13","java","both","kept newest analyzer version 1.0.0-static"
"session_20260413_125620_76035351","2026-04-13","java","both","kept newest analyzer version 1.0.0-static"
"session_20260413_125621_4ee0039d","2026-04-13","java","both","kept newest analyzer version 1.0.0-static"
"session_20260413_125621_ae88c4fe","2026-04-13","java","both","kept newest analyzer version 1.0.0-static"
"session_20260413_125621_f516e888","2026-04-13","java","both","kept newest analyzer version 1.0.0-static"
"session_20260413_125622_1a49d7ae","2026-04-13","java","both","kept newest analyzer version 1.0.0-static"
"session_20260413_125622_a9673b5a","2026-04-13","java","both","kept newest analyzer version 1.0.0-static"
"session_20260413_125622_e2ad19af","2026-04-13","java","both","kept newest analyzer version 1.0.0-static"
"session_20260413_125623_7a9b7eaf","2026-04-13","java","both","kept newest analyzer version 1.0.0-static"
"session_20260413_125623_7ed9d251","2026-04-13","java","both","kept newest analyzer version 1.0.0-static"
"session_20260413_125623_be9e2eaf","2026-04-13","java","both","kept newest analyzer version 1.0.0-static"
"session_20260413_125624_57ab2989","2026-04-13","java","both","kept newest analyzer version 1.0.0-static"
"session_20260413_125624_8f33603c","2026-04-13","java","both","kept newest analyzer version 1.0.0-static"
"session_20260413_125624_95f6a6dd","2026-04-13","java","both","kept newest analyzer version 1.0.0-static"
"session_20260413_125625_7adbb401","2026-04-13","java","both","kept newest analyzer version 1.0.0-static"
"session_20260413_125625_c5d58376","2026-04-13","java","both","kept newest analyzer version 1.0.0-static"
"session_20260413_125625_d6e55b33","2026-04-13","java","both","kept newest analyzer version 1.0.0-static"
"session_20260413_125626_21c6490f","2026-04-13","java","both","kept newest analyzer version 1.0.0-static"
"session_20260413_125626_750268b2","2026-04-13","java","both","kept newest analyzer version 1.0.0-static"
"session_20260413_125626_ec1a14d2","2026-04-13","java","both","kept newest analyzer version 1.0.0-static"
"session_20260413_125627_29f703da","2026-04-13","java","both","kept newest analyzer version 1.0.0-static"
"session_20260413_125627_54480cf6","2026-04-13","java","both","kept newest analyzer version 1.0.0-static"
"session_20260413_125627_85c1978c","2026-04-13","java","both","kept newest analyzer version 1.0.0-static"
"session_20260413_125628_3bf7259a","2026-04-13","java","both","kept newest analyzer version 1.0.0-static"
"session_20260413_125628_42b01b29","2026-04-13","java","both","kept newest analyzer version 1.0.0-static"
"session_20260413_125628_6342144b","2026-04-13","java","both","kept newest analyzer version 1.0.0-static"
"session_20260413_125629_54174910","2026-04-13","java","both","kept newest analyzer version 1.0.0-static"
"session_20260413_125629_c621395e","2026-04-13","java","both","kept newest analyzer version 1.0.0-static"
"session_20260413_125629_c6ead508","2026-04-13","java","both","kept newest analyzer version 1.0.0-static"
"session_20260413_125630_65e899f5","2026-04-13","java","both","kept newest analyzer version 1.0.0-static"
"session_20260413_125630_a17f185e","2026-04-13","java","both","kept newest analyzer version 1.0.0-static"
"session_20260413_125631_1f3fee52","2026-04-13","java","both","kept newest analyzer version 1.0.0-static"
"session_20260413_125631_3a32a469","2026-04-13","java","both","kept newest analyzer version 1.0.0-static"
"session_20260413_125631_7e6e6775","2026-04-13","java","both","kept newest analyzer version 1.0.0-static"
"session_20260413_125632_04ca2273","2026-04-13","java","both","kept newest analyzer version 1.0.0-static"
"session_20260413_125632_7f4644b7","2026-04-13","java","both","kept newest analyzer version 1.0.0-static"
"session_20260413_125632_df8ca8c9","2026-04-13","java","both","kept newest analyzer version 1.0.0-static"
"session_20260413_125633_4fdcab49","2026-04-13","java","both","kept newest analyzer version 1.0.0-static"
"session_20260413_125633_e26ef479","2026-04-13","java","both","kept newest analyzer version 1.0.0-static"
"session_20260413_125633_fcd2f094","2026-04-13","java","both","kept newest analyzer version 1.0.0-static"
"session_20260413_125634_91c8a1d6","2026-04-13","java","both","kept newest analyzer version 1.0.0-static"
"session_20260413_125634_bfa53963","2026-04-13","java","both","kept newest analyzer version 1.0.0-static"
"session_20260413_125634_f65f7bc6","2026-04-13","java","both","kept newest analyzer version 1.0.0-static"
"session_20260413_125635_4de329a0","2026-04-13","java","both","kept newest analyzer version 1.0.0-static"
"session_20260413_125635_62900517","2026-04-13","java","both","kept newest analyzer version 1.0.0-static"
"session_20260413_125635_d6ea6103","2026-04-13","java","both","kept newest analyzer version 1.0.0-static"
"session_20260413_125636_1689f600","2026-04-13","java","both","kept newest analyzer version 1.0.0-static"
"session_20260413_125636_1f46183d","2026-04-13","java","both","kept newest analyzer version 1.0.0-static"
"session_20260413_125636_4aa0a4ba","2026-04-13","java","both","kept newest analyzer version 1.0.0-static"
"session_20260413_125637_4d330009","2026-04-13","java","both","kept newest analyzer version 1.0.0-static"
"session_20260413_125637_711622a0","2026-04-13","java","both","kept newest analyzer version 1.0.0-static"
"session_20260413_125638_3feef009","2026-04-13","java","both","kept newest analyzer version 1.0.0-static"
"session_20260413_125638_b63fd461","2026-04-13","java","both","kept newest analyzer version 1.0.0-static"
"session_20260413_125638_ee8ef470","2026-04-13","java","both","kept newest analyzer version 1.0.0-static"
"session_20260413_125639_2900928c","2026-04-13","java","both","kept newest analyzer version 1.0.0-static"
"session_20260413_125639_487704b6","2026-04-13","java","both","kept newest analyzer version 1.0.0-static"
"session_20260413_125639_e5d8fd3e","2026-04-13","java","both","kept newest analyzer version 1.0.0-static"
"session_20260413_125640_0403e838","2026-04-13","java","both","kept newest analyzer version 1.0.0-static"
"session_20260413_125640_2b4eca93","2026-04-13","java","both","kept newest analyzer version 1.0.0-static"
"session_20260413_125640_70a9481b","2026-04-13","java","both","kept newest analyzer version 1.0.0-static"
"session_20260413_125641_b7bfee2f","2026-04-13","java","both","kept newest analyzer version 1.0.0-static"
"session_20260413_125641_ba464a4d","2026-04-13","java","both","kept newest analyzer version 1.0.0-static"
"session_20260413_125641_d685bed0","2026-04-13","java","both","kept newest analyzer version 1.0.0-static"
"session_20260413_125642_9ef39c4e","2026-04-13","java","both","kept newest analyzer version 1.0.0-static"
"session_20260413_125642_b9ab5a5d","2026-04-13","java","both","kept newest analyzer version 1.0.0-static"
"session_20260413_125642_fde2d08f","2026-04-13","java","both","kept newest analyzer version 1.0.0-static"
"session_20260413_125643_aeb1c8d2","2026-04-13","java","both","kept newest analyzer version 1.0.0-static"
"session_20260413_125643_c5bb20a6","2026-04-13","java","both","kept newest analyzer version 1.0.0-static"
"session_20260413_125643_f69bde46","2026-04-13","java","both","kept newest analyzer version 1.0.0-static"
"session_20260413_125644_19c5e4ac","2026-04-13","java","both","kept newest analyzer version 1.0.0-static"
"session_20260413_125644_b2129651","2026-04-13","java","both","kept newest analyzer version 1.0.0-static"
"session_20260413_125644_ea6a9fe3","2026-04-13","java","both","kept newest analyzer version 1.0.0-static"
"session_20260413_125645_061a812b","2026-04-13","java","both","kept newest analyzer version 1.0.0-static"
"session_20260413_125645_351e1404","2026-04-13","java","both","kept newest analyzer version 1.0.0-static"
"session_20260413_125645_4dc68398","2026-04-13","java","both","kept newest analyzer version 1.0.0-static"
"session_20260413_125646_256afefc","2026-04-13","java","both","kept newest analyzer version 1.0.0-static"
"session_20260413_125646_d6358d6c","2026-04-13","java","both","kept newest analyzer version 1.0.0-static"
"session_20260413_125646_e99e0832","2026-04-13","java","both","kept newest analyzer version 1.0.0-static"
"session_20260413_125647_281a5102","2026-04-13","java","both","kept newest analyzer version 1.0.0-static"
"session_20260413_125647_6b42cb24","2026-04-13","java","both","kept newest analyzer version 1.0.0-static"
"session_20260413_125647_ae7a28d4","2026-04-13","java","both","kept newest analyzer version 1.0.0-static"
"session_20260413_125648_09cc6f9d","2026-04-13","java","both","kept newest analyzer version 1.0.0-static"
"session_20260413_125648_66a7a03a","2026-04-13","java","both","kept newest analyzer version 1.0.0-static"
"session_20260413_125649_03bf21fd","2026-04-13","java","both","kept newest analyzer version 1.0.0-static"
"session_20260413_125649_6cc0af94","2026-04-13","java","both","kept newest analyzer version 1.0.0-static"
"session_20260413_125649_90109094","2026-04-13","java","both","kept newest analyzer version 1.0.0-static"
"session_20260413_125650_3353cd9a","2026-04-13","java","both","kept newest analyzer version 1.0.0-static"
"session_20260413_125650_b22c3e91","2026-04-13","java","both","kept newest analyzer version 1.0.0-static"
"session_20260413_125650_c9369cdb","2026-04-13","java","both","kept newest analyzer version 1.0.0-static"
"session_20260413_125651_33fe01b8","2026-04-13","java","both","kept newest analyzer version 1.0.0-static"
"session_20260413_125651_6a77291d","2026-04-13","java","both","kept newest analyzer version 1.0.0-static"
"session_20260413_125651_c1a81498","2026-04-13","java","both","kept newest analyzer version 1.0.0-static"
"session_20260413_125652_4e7936dc","2026-04-13","java","both","kept newest analyzer version 1.0.0-static"
"session_20260413_125652_5bcb5286","2026-04-13","java","both","kept newest analyzer version 1.0.0-static"
"session_20260413_125652_7d2eff0e","2026-04-13","java","both","kept newest analyzer version 1.0.0-static"
"session_20260413_125653_76e27163","2026-04-13","java","both","kept newest analyzer version 1.0.0-static"
"session_20260413_125653_88e6d6d2","2026-04-13","java","both","kept newest analyzer version 1.0.0-static"
"session_20260413_125653_9cfdef82","2026-04-13","java","both","kept newest analyzer version 1.0.0-static"
"session_20260413_125654_3384607e","2026-04-13","java","both","kept newest analyzer version 1.0.0-static"
"session_20260413_125654_402ad234","2026-04-13","java","both","kept newest analyzer version 1.0.0-static"
"session_20260413_125654_6f1b8191","2026-04-13","java","both","kept newest analyzer version 1.0.0-static"
"session_20260413_125655_4e9690c3","2026-04-13","java","both","kept newest analyzer version 1.0.0-static"
"session_20260413_125655_60f2e4f2","2026-04-13","java","both","kept newest analyzer version 1.0.0-static"
"session_20260413_125655_e1a84fe2","2026-04-13","java","both","kept newest analyzer version 1.0.0-static"
"session_20260413_125656_651da4b2","2026-04-13","java","both","kept newest analyzer version 1.0.0-static"
"session_20260413_125656_cbfea92f","2026-04-13","java","both","kept newest analyzer version 1.0.0-static"
"session_20260413_125354_8666866f","2026-04-13","java","static","kept newest analyzer version 1.0.0-static"
"session_20260413_125354_b10a9193","2026-04-13","java","static","kept newest analyzer version 1.0.0-static"
"session_20260413_125354_c617a6cc","2026-04-13","java","static","kept newest analyzer version 1.0.0-static"
"session_20260413_125354_e0d4c21f","2026-04-13","java","static","kept newest analyzer version 1.0.0-static"
"session_20260413_125354_efb7b7da","2026-04-13","java","static","kept newest analyzer version 1.0.0-static"
"session_20260413_125355_4beead72","2026-04-13","java","static","kept newest analyzer version 1.0.0-static"
"session_20260413_125355_748b47b9","2026-04-13","java","static","kept newest analyzer version 1.0.0-static"
"session_20260413_125355_7d2e443c","2026-04-13","java","static","kept newest analyzer version 1.0.0-static"
"session_20260413_125355_d245d663","2026-04-13","java","static","kept newest analyzer version 1.0.0-static"
"session_20260413_125355_df02e735","2026-04-13","java","static","kept newest analyzer version 1.0.0-static"
"session_20260413_125356_1dd26d98","2026-04-13","java","static","kept newest analyzer version 1.0.0-static"
"session_20260413_125356_54e8524e","2026-04-13","java","static","kept newest analyzer version 1.0.0-static"
"session_20260413_125356_5667314c","2026-04-13","java","static","kept newest analyzer version 1.0.0-static"
"session_20260413_125356_6207b5ba","2026-04-13","java","static","kept newest analyzer version 1.0.0-static"
"session_20260413_125356_a527fcb3","2026-04-13","java","static","kept newest analyzer version 1.0.0-static"
"session_20260413_125356_ab51a09f","2026-04-13","java","static","kept newest analyzer version 1.0.0-static"
"session_20260413_125357_4a163a77","2026-04-13","java","static","kept newest analyzer version 1.0.0-static"
"session_20260413_125357_51c69f89","2026-04-13","java","static","kept newest analyzer version 1.0.0-static"
"session_20260413_125357_86075854","2026-04-13","java","static","kept newest analyzer version 1.0.0-static"
"session_20260413_125357_bdb62931","2026-04-13","java","static","kept newest analyzer version 1.0.0-static"
"session_20260413_125357_e9c765d3","2026-04-13","java","static","kept newest analyzer version 1.0.0-static"
"session_20260413_125357_f6a12ab2","2026-04-13","java","static","kept newest analyzer version 1.0.0-static"
"session_20260413_125358_14b7cb0a","2026-04-13","java","static","kept newest analyzer version 1.0.0-static"
"session_20260413_125358_6537998c","2026-04-13","java","static","kept newest analyzer version 1.0.0-static"
"session_20260413_125358_6e6ca54a","2026-04-13","java","static","kept newest analyzer version 1.0.0-static"
"session_20260413_125358_a9a559c6","2026-04-13","java","static","kept newest analyzer version 1.0.0-static"
"session_20260413_125358_b70f6977","2026-04-13","java","static","kept newest analyzer version 1.0.0-static"
"session_20260413_125358_d9050354","2026-04-13","java","static","kept newest analyzer version 1.0.0-static"
"session_20260413_125359_111022d5","2026-04-13","java","static","kept newest analyzer version 1.0.0-static"
"session_20260413_125359_3cc350eb","2026-04-13","java","static","kept newest analyzer version 1.0.0-static"
"session_20260413_125359_67c958e6","2026-04-13","java","static","kept newest analyzer version 1.0.0-static"
"session_20260413_125359_75cc423d","2026-04-13","java","static","kept newest analyzer version 1.0.0-static"
"session_20260413_125359_9a3f1516","2026-04-13","java","static","kept newest analyzer version 1.0.0-static"
"session_20260413_125359_fcfe9449","2026-04-13","java","static","kept newest analyzer version 1.0.0-static"
"session_20260413_125400_2bf8cedc","2026-04-13","java","static","kept newest analyzer version 1.0.0-static"
"session_20260413_125400_4c923191","2026-04-13","java","static","kept newest analyzer version 1.0.0-static"
"session_20260413_125400_4d486734","2026-04-13","java","static","kept newest analyzer version 1.0.0-static"
"session_20260413_125400_6c3900e3","2026-04-13","java","static","kept newest analyzer version 1.0.0-static"
"session_20260413_125400_fce12b97","2026-04-13","java","static","kept newest analyzer version 1.0.0-static"
"session_20260413_125401_099302e7","2026-04-13","java","static","kept newest analyzer version 1.0.0-static"
"session_20260413_125401_15531006","2026-04-13","java","static","kept newest analyzer version 1.0.0-static"
"session_20260413_125401_30992983","2026-04-13","java","static","kept newest analyzer version 1.0.0-static"
"session_20260413_125401_3b8c0421","2026-04-13","java","static","kept newest analyzer version 1.0.0-static"
"session_20260413_125401_6fdd4a21","2026-04-13","java","static","kept newest analyzer version 1.0.0-static"
"session_20260413_125401_c04bf1ae","2026-04-13","java","static","kept newest analyzer version 1.0.0-static"
"session_20260413_125402_10ecbb3c","2026-04-13","java","static","kept newest analyzer version 1.0.0-static"
"session_20260413_125402_36edd911","2026-04-13","java","static","kept newest analyzer version 1.0.0-static"
"session_20260413_125402_614ba9b6","2026-04-13","java","static","kept newest analyzer version 1.0.0-static"
"session_20260413_125402_c322bba1","2026-04-13","java","static","kept newest analyzer version 1.0.0-static"
"session_20260413_125402_df439d73","2026-04-13","java","static","kept newest analyzer version 1.0.0-static"
"session_20260413_125402_f42b8741","2026-04-13","java","static","kept newest analyzer version 1.0.0-static"
"session_20260413_125403_5b89ba77","2026-04-13","java","static","kept newest analyzer version 1.0.0-static"
"session_20260413_125403_7f5327e3","2026-04-13","java","static","kept newest analyzer version 1.0.0-static"
"session_20260413_125403_826ead6f","2026-04-13","java","static","kept newest analyzer version 1.0.0-static"
"session_20260413_125403_873572dc","2026-04-13","java","static","kept newest analyzer version 1.0.0-static"
"session_20260413_125403_db110654","2026-04-13","java","static","kept newest analyzer version 1.0.0-static"
"session_20260413_125404_2d5cbb27","2026-04-13","java","static","kept newest analyzer version 1.0.0-static"
"session_20260413_125404_79238fc2","2026-04-13","java","static","kept newest analyzer version 1.0.0-static"
"session_20260413_125404_b76c4aa8","2026-04-13","java","static","kept newest analyzer version 1.0.0-static"
"session_20260413_125404_e89aa6dc","2026-04-13","java","static","kept newest analyzer version 1.0.0-static"
"session_20260413_125405_38e8d0ca","2026-04-13","java","static","kept newest analyzer version 1.0.0-static"
"session_20260413_125405_4b275e40","2026-04-13","java","static","kept newest analyzer version 1.0.0-static"
"session_20260413_125405_d4572a59","2026-04-13","java","static","kept newest analyzer version 1.0.0-static"
"session_20260413_125405_dc2bd065","2026-04-13","java","static","kept newest analyzer version 1.0.0-static"
"session_20260413_125405_dd73a01a","2026-04-13","java","static","kept newest analyzer version 1.0.0-static"
"session_20260413_125406_0007170f","2026-04-13","java","static","kept newest analyzer version 1.0.0-static"
"session_20260413_125406_635a75d6","2026-04-13","java","static","kept newest analyzer version 1.0.0-static"
"session_20260413_125406_8c9c901a","2026-04-13","java","static","kept newest analyzer version 1.0.0-static"
"session_20260413_125406_9ea44c3c","2026-04-13","java","static","kept newest analyzer version 1.0.0-static"
"session_20260413_125407_09203b16","2026-04-13","java","static","kept newest analyzer version 1.0.0-static"
"session_20260413_125407_4c6752c4","2026-04-13","java","static","kept newest analyzer version 1.0.0-static"
"session_20260413_125407_6b82bacf","2026-04-13","java","static","kept newest analyzer version 1.0.0-static"
"session_20260413_125407_a3bde1ec","2026-04-13","java","static","kept newest analyzer version 1.0.0-static"
"session_20260413_125407_b18a877b","2026-04-13","java","static","kept newest analyzer version 1.0.0-static"
"session_20260413_125408_465be458","2026-04-13","java","static","kept newest analyzer version 1.0.0-static"
"session_20260413_125408_a1056f55","2026-04-13","java","static","kept newest analyzer version 1.0.0-static"
"session_20260413_125408_a36e6106","2026-04-13","java","static","kept newest analyzer version 1.0.0-static"
"session_20260413_125408_a701d1fd","2026-04-13","java","static","kept newest analyzer version 1.0.0-static"
"session_20260413_125408_f9bb693a","2026-04-13","java","static","kept newest analyzer version 1.0.0-static"
"session_20260413_125409_61fd243b","2026-04-13","java","static","kept newest analyzer version 1.0.0-static"
"session_20260413_125409_79679c23","2026-04-13","java","static","kept newest analyzer version 1.0.0-static"
"session_20260413_125409_8cb58aec","2026-04-13","java","static","kept newest analyzer version 1.0.0-static"
"session_20260413_125409_a5507e5d","2026-04-13","java","static","kept newest analyzer version 1.0.0-static"
"session_20260413_125409_e582901e","2026-04-13","java","static","kept newest analyzer version 1.0.0-static"
"session_20260413_125409_f05d80f5","2026-04-13","java","static","kept newest analyzer version 1.0.0-static"
"session_20260413_125410_13b5cf18","2026-04-13","java","static","kept newest analyzer version 1.0.0-static"
"session_20260413_125410_26c1860f","2026-04-13","java","static","kept newest analyzer version 1.0.0-static"
"session_20260413_125410_5dbe5be0","2026-04-13","java","static","kept newest analyzer version 1.0.0-static"
"session_20260413_125410_61dbb5ce","2026-04-13","java","static","kept newest analyzer version 1.0.0-static"
"session_20260413_125410_92290fcd","2026-04-13","java","static","kept newest analyzer version 1.0.0-static"
"session_20260413_125411_0175f5bc","2026-04-13","java","static","kept newest analyzer version 1.0.0-static"
"session_20260413_125411_2dc1b799","2026-04-13","java","static","kept newest analyzer version 1.0.0-static"
"session_20260413_125411_45c54d4e","2026-04-13","java","static","kept newest analyzer version 1.0.0-static"
"session_20260413_125411_6ef30595","2026-04-13","java","static","kept newest analyzer version 1.0.0-static"
"session_20260413_125411_cdd9294b","2026-04-13","java","static","kept newest analyzer version 1.0.0-static"
"session_20260413_125411_d349caaa","2026-04-13","java","static","kept newest analyzer version 1.0.0-static"
"session_20260413_125412_1890e51e","2026-04-13","java","static","kept newest analyzer version 1.0.0-static"
"session_20260413_125412_6506a711","2026-04-13","java","static","kept newest analyzer version 1.0.0-static"
"session_20260413_125412_6544e5d6","2026-04-13","java","static","kept newest analyzer version 1.0.0-static"
"session_20260413_125412_71cfa040","2026-04-13","java","static","kept newest analyzer version 1.0.0-static"
"session_20260413_125412_79e24250","2026-04-13","java","static","kept newest analyzer version 1.0.0-static"
"session_20260413_125412_a17b3bc9","2026-04-13","java","static","kept newest analyzer version 1.0.0-static"
"session_20260413_125413_2ae7cba3","2026-04-13","java","static","kept newest analyzer version 1.0.0-static"
"session_20260413_125413_5fd0e695","2026-04-13","java","static","kept newest analyzer version 1.0.0-static"
"session_20260413_125413_a53de431","2026-04-13","java","static","kept newest analyzer version 1.0.0-static"
"session_20260413_125413_dc040037","2026-04-13","java","static","kept newest analyzer version 1.0.0-static"
"session_20260413_125413_e2560fae","2026-04-13","java","static","kept newest analyzer version 1.0.0-static"
"session_20260413_125414_05d74a03","2026-04-13","java","static","kept newest analyzer version 1.0.0-static"
"session_20260413_125414_167d4045","2026-04-13","java","static","kept newest analyzer version 1.0.0-static"
"session_20260413_125414_52f3008a","2026-04-13","java","static","kept newest analyzer version 1.0.0-static"
"session_20260413_125414_6a7acec1","2026-04-13","java","static","kept newest analyzer version 1.0.0-static"
"session_20260413_125414_78859918","2026-04-13","java","static","kept newest analyzer version 1.0.0-static"
"session_20260413_125414_af62902c","2026-04-13","java","static","kept newest analyzer version 1.0.0-static"
"session_20260413_125415_2875c9da","2026-04-13","java","static","kept newest analyzer version 1.0.0-static"
"session_20260413_125415_46f9c7fb","2026-04-13","java","static","kept newest analyzer version 1.0.0-static"
"session_20260413_125415_4c8e9e37","2026-04-13","java","static","kept newest analyzer version 1.0.0-static"
"session_20260413_125415_999b3796","2026-04-13","java","static","kept newest analyzer version 1.0.0-static"
"session_20260413_125415_c314ac4c","2026-04-13","java","static","kept newest analyzer version 1.0.0-static"
"session_20260413_125416_4a70f323","2026-04-13","java","static","kept newest analyzer version 1.0.0-static"
"session_20260413_125416_7e6ac247","2026-04-13","java","static","kept newest analyzer version 1.0.0-static"
"session_20260413_125416_87b908f7","2026-04-13","java","static","kept newest analyzer version 1.0.0-static"
"session_20260413_125416_d25e86ce","2026-04-13","java","static","kept newest analyzer version 1.0.0-static"
"session_20260413_125416_f7d9303f","2026-04-13","java","static","kept newest analyzer version 1.0.0-static"
"session_20260413_125416_fe8cbb96","2026-04-13","java","static","kept newest analyzer version 1.0.0-static"
"session_20260413_125417_6d9fae1e","2026-04-13","java","static","kept newest analyzer version 1.0.0-static"
"session_20260413_125417_76fbd1e3","2026-04-13","java","static","kept newest analyzer version 1.0.0-static"
"session_20260413_125417_d929b847","2026-04-13","java","static","kept newest analyzer version 1.0.0-static"
"session_20260413_125417_e11303b5","2026-04-13","java","static","kept newest analyzer version 1.0.0-static"
"session_20260413_125417_efa1e95d","2026-04-13","java","static","kept newest analyzer version 1.0.0-static"
"session_20260413_125418_17bf09c3","2026-04-13","java","static","kept newest analyzer version 1.0.0-static"
"session_20260413_125418_7e76854e","2026-04-13","java","static","kept newest analyzer version 1.0.0-static"
"session_20260413_125418_87bbb213","2026-04-13","java","static","kept newest analyzer version 1.0.0-static"
"session_20260413_125418_8fad591c","2026-04-13","java","static","kept newest analyzer version 1.0.0-static"
"session_20260413_125418_c3cd8827","2026-04-13","java","static","kept newest analyzer version 1.0.0-static"
"session_20260413_125418_f9aa79d5","2026-04-13","java","static","kept newest analyzer version 1.0.0-static"
"session_20260413_125419_2d79ffad","2026-04-13","java","static","kept newest analyzer version 1.0.0-static"
"session_20260413_125419_50aa25cb","2026-04-13","java","static","kept newest analyzer version 1.0.0-static"
"session_20260413_125419_59f90765","2026-04-13","java","static","kept newest analyzer version 1.0.0-static"
"session_20260413_125419_985f700d","2026-04-13","java","static","kept newest analyzer version 1.0.0-static"
"session_20260413_125419_a8403eaf","2026-04-13","java","static","kept newest analyzer version 1.0.0-static"
"session_20260413_125419_d977e718","2026-04-13","java","static","kept newest analyzer version 1.0.0-static"
"session_20260413_125420_0f2596fc","2026-04-13","java","static","kept newest analyzer version 1.0.0-static"
"session_20260413_125420_4b0aa4ad","2026-04-13","java","static","kept newest analyzer version 1.0.0-static"
"session_20260413_125420_8a68275b","2026-04-13","java","static","kept newest analyzer version 1.0.0-static"
"session_20260413_125420_94c4cdde","2026-04-13","java","static","kept newest analyzer version 1.0.0-static"
"session_20260413_125420_fd53d39a","2026-04-13","java","static","kept newest analyzer version 1.0.0-static"
"session_20260413_125420_fe8d460b","2026-04-13","java","static","kept newest analyzer version 1.0.0-static"
"session_20260413_125421_0802a43b","2026-04-13","java","static","kept newest analyzer version 1.0.0-static"
"session_20260413_125421_230869df","2026-04-13","java","static","kept newest analyzer version 1.0.0-static"
"session_20260413_125421_48c85c7f","2026-04-13","java","static","kept newest analyzer version 1.0.0-static"
"session_20260413_125421_5427c226","2026-04-13","java","static","kept newest analyzer version 1.0.0-static"
"session_20260413_125421_f0ad2aff","2026-04-13","java","static","kept newest analyzer version 1.0.0-static"
"session_20260413_125422_33b1d893","2026-04-13","java","static","kept newest analyzer version 1.0.0-static"
"session_20260413_125422_4d8bba7a","2026-04-13","java","static","kept newest analyzer version 1.0.0-static"
"session_20260413_125422_59a2593d","2026-04-13","java","static","kept newest analyzer version 1.0.0-static"
"session_20260413_125422_918519d9","2026-04-13","java","static","kept newest analyzer version 1.0.0-static"
"session_20260413_125422_bf99a76c","2026-04-13","java","static","kept newest analyzer version 1.0.0-static"
"session_20260413_125422_dfe72c15","2026-04-13","java","static","kept newest analyzer version 1.0.0-static"
"session_20260413_125423_55257cdf","2026-04-13","java","static","kept newest analyzer version 1.0.0-static"
"session_20260413_125423_a5218455","2026-04-13","java","static","kept newest analyzer version 1.0.0-static"
"session_20260413_125423_adea7be1","2026-04-13","java","static","kept newest analyzer version 1.0.0-static"
"session_20260413_125423_bf315107","2026-04-13","java","static","kept newest analyzer version 1.0.0-static"
"session_20260413_125423_fac5750b","2026-04-13","java","static","kept newest analyzer version 1.0.0-static"
"session_20260413_125424_38e467f1","2026-04-13","java","static","kept newest analyzer version 1.0.0-static"
"session_20260413_125424_5169a0e9","2026-04-13","java","static","kept newest analyzer version 1.0.0-static"
"session_20260413_125424_713f5c7f","2026-04-13","java","static","kept newest analyzer version 1.0.0-static"
"session_20260413_125424_88aadbcc","2026-04-13","java","static","kept newest analyzer version 1.0.0-static"
"session_20260413_125424_91fb4fa8","2026-04-13","java","static","kept newest analyzer version 1.0.0-static"
"session_20260413_125424_da3d12c9","2026-04-13","java","static","kept newest analyzer version 1.0.0-static"
"session_20260413_125425_4147e60d","2026-04-13","java","static","kept newest analyzer version 1.0.0-static"
"session_20260413_125425_492ab292","2026-04-13","java","static","kept newest analyzer version 1.0.0-static"
"session_20260413_125425_7493d916","2026-04-13","java","static","kept newest analyzer version 1.0.0-static"
"session_20260413_125425_ad2c8c7a","2026-04-13","java","static","kept newest analyzer version 1.0.0-static"
"session_20260413_125425_ce22aec3","2026-04-13","java","static","kept newest analyzer version 1.0.0-static"
"session_20260413_125425_e26265a8","2026-04-13","java","static","kept newest analyzer version 1.0.0-static"
"session_20260413_125426_67b10375","2026-04-13","java","static","kept newest analyzer version 1.0.0-static"
"session_20260413_125426_87b43b96","2026-04-13","java","static","kept newest analyzer version 1.0.0-static"
"session_20260413_125426_a4483df2","2026-04-13","java","static","kept newest analyzer version 1.0.0-static"
"session_20260413_125426_eb0000d2","2026-04-13","java","static","kept newest analyzer version 1.0.0-static"
"session_20260413_125426_eeb58a98","2026-04-13","java","static","kept newest analyzer version 1.0.0-static"
"session_20260413_125427_20beffc7","2026-04-13","java","static","kept newest analyzer version 1.0.0-static"
"session_20260413_125427_65cd9578","2026-04-13","java","static","kept newest analyzer version 1.0.0-static"
"session_20260413_125427_856b576a","2026-04-13","java","static","kept newest analyzer version 1.0.0-static"
"session_20260413_125427_882b2edb","2026-04-13","java","static","kept newest analyzer version 1.0.0-static"
"session_20260413_125427_e6b354e6","2026-04-13","java","static","kept newest analyzer version 1.0.0-static"
"session_20260413_125427_f53f1141","2026-04-13","java","static","kept newest analyzer version 1.0.0-static"
"session_20260413_125428_039cdb0d","2026-04-13","java","static","kept newest analyzer version 1.0.0-static"
"session_20260413_125428_2e5e877e","2026-04-13","java","static","kept newest analyzer version 1.0.0-static"
"session_20260413_125428_34598bed","2026-04-13","java","static","kept newest analyzer version 1.0.0-static"
"session_20260413_125428_7e466422","2026-04-13","java","static","kept newest analyzer version 1.0.0-static"
"session_20260413_125428_b8c8defe","2026-04-13","java","static","kept newest analyzer version 1.0.0-static"
"session_20260413_125428_c989fe52","2026-04-13","java","static","kept newest analyzer version 1.0.0-static"
"session_20260413_125429_2cba26f7","2026-04-13","java","static","kept newest analyzer version 1.0.0-static"
"session_20260413_125429_4846d4ce","2026-04-13","java","static","kept newest analyzer version 1.0.0-static"
"session_20260413_125429_4d39c274","2026-04-13","java","static","kept newest analyzer version 1.0.0-static"
"session_20260413_125429_54b48737","2026-04-13","java","static","kept newest analyzer version 1.0.0-static"
"session_20260413_125429_60e8c42f","2026-04-13","java","static","kept newest analyzer version 1.0.0-static"
"session_20260413_125430_34bd60bf","2026-04-13","java","static","kept newest analyzer version 1.0.0-static"
"session_20260413_125430_8668bd3f","2026-04-13","java","static","kept newest analyzer version 1.0.0-static"
"session_20260413_125430_94b72cea","2026-04-13","java","static","kept newest analyzer version 1.0.0-static"
"session_20260413_125430_96ac46f5","2026-04-13","java","static","kept newest analyzer version 1.0.0-static"
"session_20260413_125430_dea57524","2026-04-13","java","static","kept newest analyzer version 1.0.0-static"
"session_20260413_125430_e749bbdd","2026-04-13","java","static","kept newest analyzer version 1.0.0-static"
"session_20260413_125431_2ff2d9e8","2026-04-13","java","static","kept newest analyzer version 1.0.0-static"
"session_20260413_125431_4e252290","2026-04-13","java","static","kept newest analyzer version 1.0.0-static"
"session_20260413_125431_b3a0872f","2026-04-13","java","static","kept newest analyzer version 1.0.0-static"
"session_20260413_125431_c7b20665","2026-04-13","java","static","kept newest analyzer version 1.0.0-static"
"session_20260413_125431_e28e88cd","2026-04-13","java","static","kept newest analyzer version 1.0.0-static"
"session_20260413_125431_f11e60f3","2026-04-13","java","static","kept newest analyzer version 1.0.0-static"
"session_20260413_125432_58fb13fb","2026-04-13","java","static","kept newest analyzer version 1.0.0-static"
"session_20260413_125432_64fe896f","2026-04-13","java","static","kept newest analyzer version 1.0.0-static"
"session_20260413_125432_873da329","2026-04-13","java","static","kept newest analyzer version 1.0.0-static"
"session_20260413_125432_d0f3ad8d","2026-04-13","java","static","kept newest analyzer version 1.0.0-static"
"session_20260413_125432_d8b75965","2026-04-13","java","static","kept newest analyzer version 1.0.0-static"
"session_20260413_125433_0247be8f","2026-04-13","java","static","kept newest analyzer version 1.0.0-static"
"session_20260413_125433_0ed62b87","2026-04-13","java","static","kept newest analyzer version 1.0.0-static"
"session_20260413_125433_4f1ff2b9","2026-04-13","java","static","kept newest analyzer version 1.0.0-static"
"session_20260413_125433_a0ada26d","2026-04-13","java","static","kept newest analyzer version 1.0.0-static"
"session_20260413_125433_c9faed91","2026-04-13","java","static","kept newest analyzer version 1.0.0-static"
"session_20260413_125433_d5019067","2026-04-13","java","static","kept newest analyzer version 1.0.0-static"
"session_20260413_125434_0f9356db","2026-04-13","java","static","kept newest analyzer version 1.0.0-static"
"session_20260413_125434_1cf01a4d","2026-04-13","java","static","kept newest analyzer version 1.0.0-static"
"session_20260413_125434_6f0a9492","2026-04-13","java","static","kept newest analyzer version 1.0.0-static"
"session_20260413_125434_a8b71d42","2026-04-13","java","static","kept newest analyzer version 1.0.0-static"
"session_20260413_125434_df09f501","2026-04-13","java","static","kept newest analyzer version 1.0.0-static"
"session_20260413_125435_2ad86d59","2026-04-13","java","static","kept newest analyzer version 1.0.0-static"
"session_20260413_125435_2f9e2ee3","2026-04-13","java","static","kept newest analyzer version 1.0.0-static"
"session_20260413_125435_56d66c2c","2026-04-13","java","static","kept newest analyzer version 1.0.0-static"
"session_20260413_125435_cf2967cb","2026-04-13","java","static","kept newest analyzer version 1.0.0-static"
"session_20260413_125435_f57721df","2026-04-13","java","static","kept newest analyzer version 1.0.0-static"
"session_20260413_125435_f80ee903","2026-04-13","java","static","kept newest analyzer version 1.0.0-static"
"session_20260413_125436_1e4bd9ef","2026-04-13","java","static","kept newest analyzer version 1.0.0-static"
"session_20260413_125436_2f36ea8a","2026-04-13","java","static","kept newest analyzer version 1.0.0-static"
"session_20260413_125436_4d311f4c","2026-04-13","java","static","kept newest analyzer version 1.0.0-static"
"session_20260413_125436_59500414","2026-04-13","java","static","kept newest analyzer version 1.0.0-static"
"session_20260413_125436_8f0fa81b","2026-04-13","java","static","kept newest analyzer version 1.0.0-static"
"session_20260413_125436_ac6016cb","2026-04-13","java","static","kept newest analyzer version 1.0.0-static"
"session_20260413_125437_1ddc2003","2026-04-13","java","static","kept newest analyzer version 1.0.0-static"
"session_20260413_125437_4d6cfa3d","2026-04-13","java","static","kept newest analyzer version 1.0.0-static"
"session_20260413_125437_c1f21334","2026-04-13","java","static","kept newest analyzer version 1.0.0-static"
"session_20260413_125437_dde6a0b2","2026-04-13","java","static","kept newest analyzer version 1.0.0-static"
"session_20260413_125437_f2d32f96","2026-04-13","java","static","kept newest analyzer version 1.0.0-static"
"session_20260413_125438_285690c3","2026-04-13","java","static","kept newest analyzer version 1.0.0-static"
"session_20260413_125438_4a0e2ae3","2026-04-13","java","static","kept newest analyzer version 1.0.0-static"
"session_20260413_125438_4b644a4f","2026-04-13","java","static","kept newest analyzer version 1.0.0-static"
"session_20260413_125438_572f94c8","2026-04-13","java","static","kept newest analyzer version 1.0.0-static"
"session_20260413_125438_9e4a9c1c","2026-04-13","java","static","kept newest analyzer version 1.0.0-static"
"session_20260413_125438_b0f8be97","2026-04-13","java","static","kept newest analyzer version 1.0.0-static"
"session_20260413_125439_2c92906e","2026-04-13","java","static","kept newest analyzer version 1.0.0-static"
"session_20260413_125439_8d43b512","2026-04-13","java","static","kept newest analyzer version 1.0.0-static"
"session_20260413_125439_8e44f441","2026-04-13","java","static","kept newest analyzer version 1.0.0-static"
"session_20260413_125439_907f87fc","2026-04-13","java","static","kept newest analyzer version 1.0.0-static"
"session_20260413_125439_cda8ce89","2026-04-13","java","static","kept newest analyzer version 1.0.0-static"
"session_20260413_125439_e1920678","2026-04-13","java","static","kept newest analyzer version 1.0.0-static"
"session_20260413_125440_0182d48e","2026-04-13","java","static","kept newest analyzer version 1.0.0-static"
"session_20260413_125440_4ace4f40","2026-04-13","java","static","kept newest analyzer version 1.0.0-static"
"session_20260413_125440_50ade3fd","2026-04-13","java","static","kept newest analyzer version 1.0.0-static"
"session_20260413_125440_a4bb80ee","2026-04-13","java","static","kept newest analyzer version 1.0.0-static"
"session_20260413_125440_bf3faec4","2026-04-13","java","static","kept newest analyzer version 1.0.0-static"
"session_20260413_125441_70672c94","2026-04-13","java","static","kept newest analyzer version 1.0.0-static"
"session_20260413_125441_7fdbd684","2026-04-13","java","static","kept newest analyzer version 1.0.0-static"
"session_20260413_125441_90c7993b","2026-04-13","java","static","kept newest analyzer version 1.0.0-static"
"session_20260413_125441_aecf5a64","2026-04-13","java","static","kept newest analyzer version 1.0.0-static"
"session_20260413_125441_ebf323a2","2026-04-13","java","static","kept newest analyzer version 1.0.0-static"
"session_20260413_125441_f3cf187f","2026-04-13","java","static","kept newest analyzer version 1.0.0-static"
"session_20260413_125442_07c677f0","2026-04-13","java","static","kept newest analyzer version 1.0.0-static"
"session_20260413_125442_119d392f","2026-04-13","java","static","kept newest analyzer version 1.0.0-static"
"session_20260413_125442_6c35dd88","2026-04-13","java","static","kept newest analyzer version 1.0.0-static"
"session_20260413_125442_a3888c15","2026-04-13","java","static","kept newest analyzer version 1.0.0-static"
"session_20260413_125442_d1d97eaa","2026-04-13","java","static","kept newest analyzer version 1.0.0-static"
"session_20260413_125443_0cb993b7","2026-04-13","java","static","kept newest analyzer version 1.0.0-static"
"session_20260413_125443_68fd834d","2026-04-13","java","static","kept newest analyzer version 1.0.0-static"
"session_20260413_125443_8a12429d","2026-04-13","java","static","kept newest analyzer version 1.0.0-static"
"session_20260413_125443_b32fae63","2026-04-13","java","static","kept newest analyzer version 1.0.0-static"
"session_20260413_125443_c1ce3051","2026-04-13","java","static","kept newest analyzer version 1.0.0-static"
"session_20260413_125443_d0e7a3b7","2026-04-13","java","static","kept newest analyzer version 1.0.0-static"
"session_20260413_125444_45d733a5","2026-04-13","java","static","kept newest analyzer version 1.0.0-static"
"session_20260413_125444_5255a25f","2026-04-13","java","static","kept newest analyzer version 1.0.0-static"
"session_20260413_125444_6323c666","2026-04-13","java","static","kept newest analyzer version 1.0.0-static"
"session_20260413_125444_7187ee44","2026-04-13","java","static","kept newest analyzer version 1.0.0-static"
"session_20260413_125444_97213974","2026-04-13","java","static","kept newest analyzer version 1.0.0-static"
"session_20260413_125444_bde02264","2026-04-13","java","static","kept newest analyzer version 1.0.0-static"
"session_20260413_125445_12fc7e55","2026-04-13","java","static","kept newest analyzer version 1.0.0-static"
"session_20260413_125445_14208b3a","2026-04-13","java","static","kept newest analyzer version 1.0.0-static"
"session_20260413_125445_7aecf2cc","2026-04-13","java","static","kept newest analyzer version 1.0.0-static"
